Buy Date,Symbol,Buy price,Sell Date,Sell Price ,Change 
23/12/2016,AMD,11.60,17/03/2017,13.49,16.29%
23/12/2016,BAC,22.54,17/03/2017,24.86,10.29%
23/12/2016,GS,240.12,17/03/2017,243.94,1.59%
23/12/2016,MS,42.79,17/03/2017,45.02,5.21%
23/12/2016,PRU,105.65,17/03/2017,109.92,4.04%
23/12/2016,MU,23.19,17/03/2017,25.8,11.25%
23/12/2016,JPM,86.89,17/03/2017,90.68,4.36%
23/12/2016,PWR,34.70,17/03/2017,37.26,7.38%
23/12/2016,PNC,117.43,17/03/2017,124.35,5.89%
23/12/2016,URI,106.86,17/03/2017,125.19,17.15%
23/12/2016,SCHW,39.77,17/03/2017,42.86,7.77%
23/12/2016,C,60.49,17/03/2017,60.37,-0.20%
23/12/2016,TFC,47.31,17/03/2017,46.83,-1.01%
23/12/2016,COHR,29.65,17/03/2017,35.15,18.55%
23/12/2016,BKR,65.61,17/03/2017,58.93,-10.18%
23/12/2016,CSX,12.23,17/03/2017,15.63,27.80%
23/12/2016,TMUS,58.08,17/03/2017,63.5,9.33%
23/12/2016,MFC,18.11,17/03/2017,21.5,18.72%
23/12/2016,COF,89.19,17/03/2017,88.23,-1.08%
23/12/2016,WDC,53.05,17/03/2017,58.1,9.52%
17/03/2017,SHOP,6.70,23/06/2017,9.45,41.04%
17/03/2017,CSX,15.63,23/06/2017,17.55,12.28%
17/03/2017,ANET,8.01,23/06/2017,10.1,26.09%
17/03/2017,IDXX,151.95,23/06/2017,167.35,10.13%
17/03/2017,MU,25.80,23/06/2017,31.73,22.98%
17/03/2017,AMAT,39.28,23/06/2017,44.09,12.25%
17/03/2017,XYZ,17.28,23/06/2017,24.17,39.87%
17/03/2017,RACE,68.43,23/06/2017,89.18,30.32%
17/03/2017,LRCX,12.65,23/06/2017,15.18,20.00%
17/03/2017,KLAC,94.69,23/06/2017,97.95,3.44%
17/03/2017,BA,180.10,23/06/2017,202.23,12.29%
17/03/2017,URI,125.19,23/06/2017,104.85,-16.25%
17/03/2017,AVGO,22.12,23/06/2017,24.53,10.90%
17/03/2017,CDNS,31.86,23/06/2017,34.26,7.53%
17/03/2017,STX,46.87,23/06/2017,42.67,-8.96%
17/03/2017,APO,22.99,23/06/2017,27.3,18.75%
17/03/2017,NTES,58.30,23/06/2017,66.71,14.43%
17/03/2017,ADI,83.26,23/06/2017,81.55,-2.05%
17/03/2017,ELV,168.27,23/06/2017,190.17,13.01%
17/03/2017,AMP,131.71,23/06/2017,125.55,-4.68%
23/06/2017,XYZ,24.17,22/09/2017,28.75,18.95%
23/06/2017,TSLA,25.56,22/09/2017,23.41,-8.41%
23/06/2017,BABA,143.01,22/09/2017,178.14,24.56%
23/06/2017,JD,42.95,22/09/2017,42.37,-1.35%
23/06/2017,RACE,89.18,22/09/2017,113.47,27.24%
23/06/2017,ANET,10.10,22/09/2017,11.94,18.22%
23/06/2017,ISRG,105.44,22/09/2017,114.61,8.70%
23/06/2017,ALNY,85.21,22/09/2017,113.8,33.55%
23/06/2017,TTWO,72.88,22/09/2017,102.84,41.11%
23/06/2017,ADSK,107.75,22/09/2017,111.78,3.74%
23/06/2017,EA,110.87,22/09/2017,118.5,6.88%
23/06/2017,VRTX,133.50,22/09/2017,151.26,13.30%
23/06/2017,LRCX,15.18,22/09/2017,17.67,16.40%
23/06/2017,MCD,154.64,22/09/2017,158.91,2.76%
23/06/2017,PYPL,54.33,22/09/2017,65.08,19.79%
23/06/2017,BA,202.23,22/09/2017,256.45,26.81%
23/06/2017,WDC,70.55,22/09/2017,65.37,-7.34%
23/06/2017,APO,27.30,22/09/2017,31.05,13.74%
23/06/2017,ELV,190.17,22/09/2017,182.86,-3.84%
23/06/2017,ADBE,145.41,22/09/2017,148.5,2.13%
22/09/2017,ONC,85.14,22/12/2017,100.32,17.83%
22/09/2017,SHOP,12.03,22/12/2017,10.39,-13.63%
22/09/2017,BABA,178.14,22/12/2017,176.29,-1.04%
22/09/2017,XYZ,28.75,22/12/2017,35.14,22.23%
22/09/2017,PYPL,65.08,22/12/2017,73.89,13.54%
22/09/2017,ABBV,87.48,22/12/2017,98.21,12.27%
22/09/2017,BIDU,240.57,22/12/2017,239.05,-0.63%
22/09/2017,ANET,11.94,22/12/2017,14.78,23.79%
22/09/2017,HEI,57.90,22/12/2017,59.98,3.59%
22/09/2017,ASML,165.96,22/12/2017,175.22,5.58%
22/09/2017,ALNY,113.80,22/12/2017,123.96,8.93%
22/09/2017,CAT,124.43,22/12/2017,155.75,25.17%
22/09/2017,APO,31.05,22/12/2017,34.01,9.53%
22/09/2017,MA,141.89,22/12/2017,150.85,6.31%
22/09/2017,LRCX,17.67,22/12/2017,18.67,5.66%
22/09/2017,MU,36.07,22/12/2017,44.12,22.32%
22/09/2017,AMX,17.60,22/12/2017,16.18,-8.07%
22/09/2017,CDNS,38.88,22/12/2017,42.26,8.69%
22/09/2017,MCO,138.03,22/12/2017,146.99,6.49%
22/09/2017,BBD,6.55,22/12/2017,5.79,-11.60%
22/12/2017,DHI,50.83,23/03/2018,43.3,-14.81%
22/12/2017,URI,169.49,23/03/2018,174.18,2.77%
22/12/2017,CAT,155.75,23/03/2018,144.29,-7.36%
22/12/2017,CPRT,10.84,23/03/2018,12.43,14.67%
22/12/2017,VLO,91.13,23/03/2018,91.22,0.10%
22/12/2017,MAR,133.97,23/03/2018,133.76,-0.16%
22/12/2017,DE,157.53,23/03/2018,148,-6.05%
22/12/2017,WMT,32.74,23/03/2018,28.47,-13.04%
22/12/2017,MPC,66.36,23/03/2018,71.28,7.41%
22/12/2017,EL,127.75,23/03/2018,143.8,12.56%
22/12/2017,TXN,104.13,23/03/2018,101.36,-2.66%
22/12/2017,ROST,80.44,23/03/2018,74.84,-6.96%
22/12/2017,AMP,171.51,23/03/2018,144.89,-15.52%
22/12/2017,PGR,56.09,23/03/2018,59.68,6.40%
22/12/2017,MRVL,22.01,23/03/2018,21.48,-2.41%
22/12/2017,ABBV,98.21,23/03/2018,97.46,-0.76%
22/12/2017,INTC,46.70,23/03/2018,49.36,5.70%
22/12/2017,SCHW,52.08,23/03/2018,51.32,-1.46%
22/12/2017,BLK,512.12,23/03/2018,521.13,1.76%
22/12/2017,HLT,79.35,23/03/2018,78.17,-1.49%
23/03/2018,NFLX,30.09,22/06/2018,41.11,36.62%
23/03/2018,AXON,37.90,22/06/2018,67.65,78.50%
23/03/2018,ONC,158.01,22/06/2018,170.1,7.65%
23/03/2018,FTNT,10.59,22/06/2018,12.79,20.77%
23/03/2018,KDP,117.95,22/06/2018,122.37,3.75%
23/03/2018,SHOP,14.17,22/06/2018,16.25,14.68%
23/03/2018,CPRT,12.43,22/06/2018,14.98,20.51%
23/03/2018,PANW,30.29,22/06/2018,34.6,14.23%
23/03/2018,MSCI,154.07,22/06/2018,170.63,10.75%
23/03/2018,GWW,270.05,22/06/2018,312.1,15.57%
23/03/2018,SCCO,50.03,22/06/2018,43.73,-12.59%
23/03/2018,EL,143.80,22/06/2018,152.93,6.35%
23/03/2018,HEI,70.06,22/06/2018,73.3,4.62%
23/03/2018,EW,45.11,22/06/2018,50.96,12.97%
23/03/2018,WDAY,127.64,22/06/2018,124.01,-2.84%
23/03/2018,KEYS,50.81,22/06/2018,60.1,18.28%
23/03/2018,HCA,98.78,22/06/2018,106.74,8.06%
23/03/2018,IDXX,190.31,22/06/2018,222.9,17.12%
23/03/2018,MSI,104.28,22/06/2018,117.71,12.88%
23/03/2018,BKNG,"2,087.01",22/06/2018,2102.85,0.76%
22/06/2018,NFLX,41.11,21/09/2018,36.12,-12.14%
22/06/2018,FTNT,12.79,21/09/2018,17.1,33.70%
22/06/2018,CMG,9.40,21/09/2018,9.35,-0.53%
22/06/2018,CPRT,14.98,21/09/2018,13.15,-12.22%
22/06/2018,OKE,69.99,21/09/2018,69.11,-1.26%
22/06/2018,LNG,68.72,21/09/2018,66.98,-2.53%
22/06/2018,INTU,205.98,21/09/2018,220.44,7.02%
22/06/2018,WAB,100.70,21/09/2018,104.93,4.20%
22/06/2018,KEYS,60.10,21/09/2018,64.63,7.54%
22/06/2018,AMZN,85.78,21/09/2018,95.75,11.62%
22/06/2018,MA,201.48,21/09/2018,221.9,10.14%
22/06/2018,IDXX,222.90,21/09/2018,241.13,8.18%
22/06/2018,AMD,15.80,21/09/2018,31.02,96.33%
22/06/2018,TJX,47.54,21/09/2018,54.86,15.40%
22/06/2018,SHOP,16.25,21/09/2018,16.15,-0.62%
22/06/2018,GWW,312.10,21/09/2018,356.09,14.09%
22/06/2018,ADP,139.09,21/09/2018,150.68,8.33%
22/06/2018,CRM,135.01,21/09/2018,155.52,15.19%
22/06/2018,PANW,34.60,21/09/2018,38.25,10.55%
22/06/2018,OXY,83.33,21/09/2018,79.6,-4.48%
21/09/2018,HCA,133.37,19/10/2018,133.71,0.25%
21/09/2018,HEI,91.21,19/10/2018,85.67,-6.07%
21/09/2018,LLY,106.33,19/10/2018,111.92,5.26%
21/09/2018,ORLY,22.97,19/10/2018,22.66,-1.35%
21/09/2018,NSC,184.24,19/10/2018,163.92,-11.03%
21/09/2018,BSX,37.77,19/10/2018,36.54,-3.26%
21/09/2018,TJX,54.86,19/10/2018,53.63,-2.24%
21/09/2018,NKE,85.55,19/10/2018,74.21,-13.26%
21/09/2018,PFE,41.74,19/10/2018,42.16,1.01%
21/09/2018,LOW,116.84,19/10/2018,99.59,-14.76%
21/09/2018,IQV,127.58,19/10/2018,126.89,-0.54%
21/09/2018,MRK,67.80,19/10/2018,68.99,1.76%
21/09/2018,QCOM,73.70,19/10/2018,65.36,-11.32%
21/09/2018,CRM,155.52,19/10/2018,140.49,-9.66%
21/09/2018,GLW,35.92,19/10/2018,30.78,-14.31%
21/09/2018,KDP,23.80,19/10/2018,24.08,1.18%
21/09/2018,UNP,164.99,19/10/2018,148.7,-9.87%
21/09/2018,GWW,356.09,19/10/2018,276.28,-22.41%
21/09/2018,CSX,24.66,19/10/2018,22.65,-8.15%
21/09/2018,ROST,97.49,19/10/2018,94.69,-2.87%
20/12/2019,BSBR,12.64,22/03/2019,10.6,-16.14%
20/12/2019,AU,13.11,22/03/2019,14.44,10.14%
20/12/2019,BBD,7.21,22/03/2019,6.61,-8.32%
20/12/2019,NOK,6.60,22/03/2019,5.88,-10.91%
20/12/2019,WELL,74.94,22/03/2019,77.82,3.84%
20/12/2019,CMG,10.87,22/03/2019,13.43,23.55%
20/12/2019,TRI,52.95,22/03/2019,59.98,13.28%
20/12/2019,AMT,167.41,22/03/2019,193.65,15.67%
20/12/2019,INFY,10.55,22/03/2019,10.88,3.13%
20/12/2019,O,63.16,22/03/2019,70.3,11.30%
20/12/2019,SBUX,67.09,22/03/2019,71.96,7.26%
20/12/2019,QQQ,165.15,22/03/2019,178.56,8.12%
20/12/2019,QQQ,165.15,22/03/2019,178.56,8.12%
20/12/2019,QQQ,165.15,22/03/2019,178.56,8.12%
20/12/2019,QQQ,165.15,22/03/2019,178.56,8.12%
20/12/2019,QQQ,165.15,22/03/2019,178.56,8.12%
20/12/2019,QQQ,165.15,22/03/2019,178.56,8.12%
20/12/2019,QQQ,165.15,22/03/2019,178.56,8.12%
20/12/2019,QQQ,165.15,22/03/2019,178.56,8.12%
20/12/2019,QQQ,165.15,22/03/2019,178.56,8.12%
22/03/2019,CMG,13.43,21/06/2019,14.54,8.27%
22/03/2019,CDNS,61.76,21/06/2019,71.37,15.56%
22/03/2019,MELI,497.37,21/06/2019,630.65,26.80%
22/03/2019,GRMN,83.58,21/06/2019,81.21,-2.84%
22/03/2019,WPM,24.50,21/06/2019,24.15,-1.43%
22/03/2019,SHOP,19.88,21/06/2019,32.69,64.44%
22/03/2019,DHR,114.97,21/06/2019,127.42,10.83%
22/03/2019,TDG,444.71,21/06/2019,497.46,11.86%
22/03/2019,KLAC,120.53,21/06/2019,113.93,-5.48%
22/03/2019,NOW,48.24,21/06/2019,57.15,18.47%
22/03/2019,AMT,193.65,21/06/2019,215.18,11.12%
22/03/2019,SNPS,110.31,21/06/2019,128.84,16.80%
22/03/2019,ANET,18.76,21/06/2019,15.84,-15.57%
22/03/2019,MSCI,191.86,21/06/2019,232.4,21.13%
22/03/2019,AZO,981.27,21/06/2019,1118.47,13.98%
22/03/2019,RIO,56.14,21/06/2019,60.27,7.36%
22/03/2019,EW,63.00,21/06/2019,64.41,2.24%
22/03/2019,PANW,40.39,21/06/2019,34.08,-15.62%
22/03/2019,ADI,107.40,21/06/2019,113.67,5.84%
22/03/2019,TRI,59.98,21/06/2019,68.46,14.14%
21/06/2019,SHOP,32.69,20/09/2019,31.88,-2.48%
21/06/2019,HEI,128.27,20/09/2019,127.57,-0.55%
21/06/2019,MELI,630.65,20/09/2019,547.97,-13.11%
21/06/2019,CPRT,18.49,20/09/2019,20.65,11.68%
21/06/2019,APD,222.14,20/09/2019,221.55,-0.27%
21/06/2019,RACE,162.21,20/09/2019,152.08,-6.24%
21/06/2019,HSY,137.13,20/09/2019,153.94,12.26%
21/06/2019,BX,45.04,20/09/2019,52.89,17.43%
21/06/2019,IDXX,273.93,20/09/2019,274.17,0.09%
21/06/2019,SNPS,128.84,20/09/2019,135.72,5.34%
21/06/2019,MSI,165.09,20/09/2019,166.21,0.68%
21/06/2019,AXON,73.30,20/09/2019,63.54,-13.32%
21/06/2019,LHX,197.22,20/09/2019,211.98,7.48%
21/06/2019,TRI,68.46,20/09/2019,69.25,1.15%
21/06/2019,SBUX,83.82,20/09/2019,90.07,7.46%
21/06/2019,ARES,27.33,20/09/2019,29.36,7.43%
21/06/2019,AMT,215.18,20/09/2019,225.56,4.82%
21/06/2019,AZO,"1,118.47",20/09/2019,1159.37,3.66%
21/06/2019,LIN,202.13,20/09/2019,194.11,-3.97%
21/06/2019,EL,181.31,20/09/2019,191.91,5.85%
20/09/2019,KLAC,155.50,20/12/2019,177.47,14.13%
20/09/2019,TGT,106.67,20/12/2019,129.15,21.07%
20/09/2019,BX,52.89,20/12/2019,55.8,5.50%
20/09/2019,APO,40.06,20/12/2019,48.25,20.44%
20/09/2019,MLM,266.41,20/12/2019,273.24,2.56%
20/09/2019,LRCX,23.53,20/12/2019,29.74,26.39%
20/09/2019,ASML,245.79,20/12/2019,293.59,19.45%
20/09/2019,SHW,183.51,20/12/2019,193.66,5.53%
20/09/2019,MDT,111.18,20/12/2019,113.74,2.30%
20/09/2019,T,28.61,20/12/2019,29.55,3.29%
20/09/2019,NOC,368.18,20/12/2019,345.91,-6.05%
20/09/2019,ETR,57.61,20/12/2019,60.09,4.30%
20/09/2019,EW,73.22,20/12/2019,78.8,7.62%
20/09/2019,CPRT,20.65,20/12/2019,22.68,9.83%
20/09/2019,WDC,45.87,20/12/2019,46.19,0.70%
20/09/2019,B,54.44,20/12/2019,61.88,13.67%
20/09/2019,CMG,16.69,20/12/2019,16.69,0.00%
20/09/2019,TDG,527.26,20/12/2019,591.29,12.14%
20/09/2019,LHX,211.98,20/12/2019,199.99,-5.66%
20/09/2019,DHI,51.58,20/12/2019,53.69,4.09%
20/12/2019,QRVO,116.67,06/03/2020,94.36,-19.12%
20/12/2019,TSLA,27.04,06/03/2020,46.9,73.45%
20/12/2019,CRUS,81.01,06/03/2020,68.61,-15.31%
20/12/2019,AMD,44.15,06/03/2020,48.59,10.06%
20/12/2019,VICR,45.13,06/03/2020,43.59,-3.41%
20/12/2019,SWKS,118.90,06/03/2020,95.71,-19.50%
20/12/2019,LITE,78.63,06/03/2020,82.45,4.86%
20/12/2019,CZR,57.65,06/03/2020,33.65,-41.63%
20/12/2019,FTNT,21.38,06/03/2020,19.9,-6.92%
20/12/2019,FORM,25.93,06/03/2020,22.38,-13.69%
20/12/2019,POWL,49.94,06/03/2020,31.2,-37.53%
20/12/2019,ARGX,162.00,06/03/2020,150.11,-7.34%
20/12/2019,NVDA,5.98,06/03/2020,6.65,11.20%
20/12/2019,TTMI,14.88,06/03/2020,12.81,-13.91%
20/12/2019,REGN,375.62,06/03/2020,494.43,31.63%
20/12/2019,FTAI,15.97,06/03/2020,14.43,-9.64%
20/12/2019,AEIS,70.34,06/03/2020,61.45,-12.64%
20/12/2019,AAPL,69.86,06/03/2020,72.26,3.44%
20/12/2019,RYAAY,34.81,06/03/2020,27.54,-20.88%
20/12/2019,MTSI,26.79,06/03/2020,24.01,-10.38%
10/04/2020,MRNA,31.86,19/06/2020,66.35,108.25%
10/04/2020,REGN,512.96,19/06/2020,643.92,25.53%
10/04/2020,ZM,124.51,19/06/2020,243.48,95.55%
10/04/2020,SBAC,305.81,19/06/2020,302.3,-1.15%
10/04/2020,EQIX,686.94,19/06/2020,711.43,3.57%
10/04/2020,GEN,19.37,19/06/2020,20.81,7.43%
10/04/2020,DOCU,90.63,19/06/2020,161.42,78.11%
10/04/2020,DPZ,343.64,19/06/2020,378.41,10.12%
10/04/2020,DXCM,68.82,19/06/2020,102.34,48.71%
10/04/2020,BILI,26.83,19/06/2020,44.72,66.68%
10/04/2020,MKTX,403.35,19/06/2020,520.28,28.99%
10/04/2020,MASI,185.42,19/06/2020,226.03,21.90%
10/04/2020,VRTX,246.61,19/06/2020,293.27,18.92%
10/04/2020,JD,42.16,19/06/2020,58.64,39.09%
10/04/2020,QQQ,200.86,19/06/2020,244.24,21.60%
10/04/2020,QQQ,200.86,19/06/2020,244.24,21.60%
10/04/2020,QQQ,200.86,19/06/2020,244.24,21.60%
10/04/2020,QQQ,200.86,19/06/2020,244.24,21.60%
10/04/2020,QQQ,200.86,19/06/2020,244.24,21.60%
10/04/2020,QQQ,200.86,19/06/2020,244.24,21.60%
19/06/2020,PTGX,17.44,18/09/2020,22,26.15%
19/06/2020,FUTU,22.15,18/09/2020,30.28,36.70%
19/06/2020,CELH,3.39,18/09/2020,7.31,115.63%
19/06/2020,OLLI,102.09,18/09/2020,84.43,-17.30%
19/06/2020,ZM,243.48,18/09/2020,438.73,80.19%
19/06/2020,CYTK,23.47,18/09/2020,21.81,-7.07%
19/06/2020,DOCU,161.42,18/09/2020,194.86,20.72%
19/06/2020,ZS,108.57,18/09/2020,129.1,18.91%
19/06/2020,BILI,44.72,18/09/2020,43.08,-3.67%
19/06/2020,CRWD,101.08,18/09/2020,131.43,30.03%
19/06/2020,IMVT,27.04,18/09/2020,38.02,40.61%
19/06/2020,MELI,952.96,18/09/2020,998.06,4.73%
19/06/2020,PYPL,164.36,18/09/2020,176.07,7.12%
19/06/2020,TTD,39.48,18/09/2020,43.58,10.39%
19/06/2020,VICR,71.35,18/09/2020,79.9,11.98%
19/06/2020,ARGX,216.11,18/09/2020,249.74,15.56%
19/06/2020,EBAY,48.29,18/09/2020,48.61,0.66%
19/06/2020,WING,131.77,18/09/2020,132.73,0.73%
19/06/2020,LSCC,27.60,18/09/2020,28.14,1.96%
19/06/2020,GMAB,31.69,18/09/2020,38.68,22.06%
18/09/2020,Z,95.87,18/12/2020,135.2,41.02%
18/09/2020,ZG,95.31,18/12/2020,140.15,47.05%
18/09/2020,IMVT,38.02,18/12/2020,49.98,31.46%
18/09/2020,IESC,35.23,18/12/2020,47.78,35.62%
18/09/2020,PTGX,22.00,18/12/2020,21.12,-4.00%
18/09/2020,BILI,43.08,18/12/2020,84.68,96.56%
18/09/2020,ONC,273.96,18/12/2020,257.28,-6.09%
18/09/2020,CRWD,131.43,18/12/2020,203.75,55.03%
18/09/2020,NTRA,60.52,18/12/2020,101.67,67.99%
18/09/2020,FRHC,24.72,18/12/2020,44.79,81.19%
18/09/2020,JD,74.50,18/12/2020,81.53,9.44%
18/09/2020,RYTM,28.88,18/12/2020,28.64,-0.83%
18/09/2020,GMAB,38.68,18/12/2020,40.23,4.01%
18/09/2020,CHRW,103.13,18/12/2020,92.6,-10.21%
18/09/2020,NWSA,15.64,18/12/2020,17.35,10.93%
18/09/2020,FSV,125.66,18/12/2020,132.82,5.70%
18/09/2020,QCOM,110.69,18/12/2020,147.42,33.18%
18/09/2020,NWS,15.48,18/12/2020,17.29,11.69%
18/09/2020,PEGA,59.29,18/12/2020,66.69,12.48%
18/09/2020,ALGN,320.97,18/12/2020,529.92,65.10%
18/12/2020,ZG,140.15,19/03/2021,141.71,1.11%
18/12/2020,NTRA,101.67,19/03/2021,103.32,1.62%
18/12/2020,PDD,149.37,19/03/2021,141.8,-5.07%
18/12/2020,Z,135.20,19/03/2021,134.61,-0.44%
18/12/2020,CRSP,148.61,19/03/2021,129.61,-12.79%
18/12/2020,TSLA,231.67,19/03/2021,218.29,-5.78%
18/12/2020,IESC,47.78,19/03/2021,48.46,1.42%
18/12/2020,MELI,"1,723.68",19/03/2021,1448.89,-15.94%
18/12/2020,HALO,42.91,19/03/2021,44.13,2.84%
18/12/2020,LSCC,43.91,19/03/2021,44.47,1.28%
18/12/2020,FORM,42.99,19/03/2021,43.68,1.61%
18/12/2020,ZS,195.88,19/03/2021,181.56,-7.31%
18/12/2020,TER,120.59,19/03/2021,114.91,-4.71%
18/12/2020,SAIA,183.79,19/03/2021,218.92,19.11%
18/12/2020,LRCX,48.10,19/03/2021,54.23,12.74%
18/12/2020,MTSI,51.35,19/03/2021,63.24,23.15%
18/12/2020,ROAD,27.77,19/03/2021,29.36,5.73%
18/12/2020,ENTG,95.78,19/03/2021,102.87,7.40%
18/12/2020,NVMI,70.88,19/03/2021,85.52,20.65%
18/12/2020,AEIS,98.79,19/03/2021,103.31,4.58%
19/03/2021,VNOM,16.70,18/06/2021,18.38,10.06%
19/03/2021,AMAT,114.86,18/06/2021,131.23,14.25%
19/03/2021,FTAI,24.56,18/06/2021,28.06,14.25%
19/03/2021,ZION,56.45,18/06/2021,50.3,-10.89%
19/03/2021,FOX,40.35,18/06/2021,35.78,-11.33%
19/03/2021,UAL,60.77,18/06/2021,54.92,-9.63%
19/03/2021,IBKR,19.61,18/06/2021,15.82,-19.33%
19/03/2021,MU,90.51,18/06/2021,76.95,-14.98%
19/03/2021,UBSI,39.90,18/06/2021,36.36,-8.87%
19/03/2021,PTGX,31.15,18/06/2021,42.47,36.34%
19/03/2021,STLD,47.19,18/06/2021,57.83,22.55%
19/03/2021,MIDD,163.36,18/06/2021,161,-1.44%
19/03/2021,ONB,20.53,18/06/2021,17.69,-13.83%
19/03/2021,CINF,107.00,18/06/2021,113.82,6.37%
19/03/2021,NVMI,85.52,18/06/2021,98.34,14.99%
19/03/2021,WYNN,135.48,18/06/2021,124.44,-8.15%
19/03/2021,STX,74.63,18/06/2021,85.3,14.30%
19/03/2021,PFG,60.39,18/06/2021,59.74,-1.08%
19/03/2021,HST,17.82,18/06/2021,17.14,-3.82%
19/03/2021,ENSG,89.74,18/06/2021,83.38,-7.09%
18/06/2021,COKE,39.95,17/09/2021,39.14,-2.03%
18/06/2021,FTNT,46.73,17/09/2021,59.9,28.18%
18/06/2021,NVDA,18.64,17/09/2021,21.9,17.49%
18/06/2021,MRNA,199.19,17/09/2021,430.05,115.90%
18/06/2021,VSEC,50.05,17/09/2021,46.06,-7.97%
18/06/2021,GOOG,125.57,17/09/2021,141.46,12.65%
18/06/2021,CG,44.14,17/09/2021,51.07,15.70%
18/06/2021,GEN,26.82,17/09/2021,25.69,-4.21%
18/06/2021,ASML,671.07,17/09/2021,859.85,28.13%
18/06/2021,POOL,442.02,17/09/2021,464.04,4.98%
18/06/2021,CAMT,36.19,17/09/2021,42.36,17.05%
18/06/2021,BRKR,72.29,17/09/2021,83.35,15.30%
18/06/2021,CCEP,61.63,17/09/2021,57.85,-6.13%
18/06/2021,INTU,473.40,17/09/2021,561.85,18.68%
18/06/2021,FTAI,28.06,17/09/2021,21.26,-24.23%
18/06/2021,NVMI,98.34,17/09/2021,105.04,6.81%
18/06/2021,FCFS,80.63,17/09/2021,88.4,9.64%
18/06/2021,TW,83.34,17/09/2021,84.21,1.04%
18/06/2021,META,329.66,17/09/2021,364.72,10.64%
18/06/2021,TECH,107.98,17/09/2021,133.59,23.72%
17/09/2021,CACC,596.12,17/12/2021,658.25,10.42%
17/09/2021,DDOG,143.13,17/12/2021,170.16,18.88%
17/09/2021,MPWR,497.52,17/12/2021,482.99,-2.92%
17/09/2021,DXCM,140.79,17/12/2021,138.84,-1.39%
17/09/2021,MDB,506.99,17/12/2021,497.85,-1.80%
17/09/2021,ZS,275.66,17/12/2021,304.87,10.60%
17/09/2021,VICR,130.52,17/12/2021,121,-7.29%
17/09/2021,ASML,859.85,17/12/2021,749.87,-12.79%
17/09/2021,DSGX,83.62,17/12/2021,76.48,-8.54%
17/09/2021,CYTK,33.89,17/12/2021,38.28,12.95%
17/09/2021,PANW,79.40,17/12/2021,88.36,11.28%
17/09/2021,NVDA,21.90,17/12/2021,27.8,26.94%
17/09/2021,INTU,561.85,17/12/2021,620.27,10.40%
17/09/2021,SNPS,325.54,17/12/2021,348.04,6.91%
17/09/2021,LSCC,65.59,17/12/2021,72.11,9.94%
17/09/2021,TECH,133.59,17/12/2021,117.64,-11.94%
17/09/2021,TRI,121.65,17/12/2021,119.12,-2.08%
17/09/2021,ADBE,654.48,17/12/2021,556.64,-14.95%
17/09/2021,ICLR,268.19,17/12/2021,287.67,7.26%
17/09/2021,COST,459.51,17/12/2021,547.61,19.17%
17/12/2021,ON,60.94,21/01/2022,54.73,-10.19%
17/12/2021,MRVL,84.17,21/01/2022,72.55,-13.81%
17/12/2021,COKE,59.09,21/01/2022,57.6,-2.52%
17/12/2021,DLTR,136.38,21/01/2022,126.23,-7.44%
17/12/2021,AVGO,64.50,21/01/2022,53.32,-17.33%
17/12/2021,COST,548.56,21/01/2022,481.61,-12.20%
17/12/2021,MORN,329.25,21/01/2022,279.14,-15.22%
17/12/2021,SLAB,196.15,21/01/2022,162.3,-17.26%
17/12/2021,TSEM,36.41,21/01/2022,35.26,-3.16%
17/12/2021,PANW,88.27,21/01/2022,80.61,-8.68%
17/12/2021,QCOM,176.67,21/01/2022,164.93,-6.65%
17/12/2021,ODFL,166.93,21/01/2022,148.41,-11.09%
17/12/2021,TER,155.71,21/01/2022,143.39,-7.91%
17/12/2021,TSCO,44.46,21/01/2022,41.82,-5.94%
17/12/2021,ESLT,167.51,21/01/2022,167.59,0.05%
17/12/2021,AAPL,169.75,21/01/2022,162.41,-4.32%
17/12/2021,RMBS,27.30,21/01/2022,24.6,-9.89%
17/12/2021,SMTC,82.89,21/01/2022,73.36,-11.50%
17/12/2021,MTSI,73.26,21/01/2022,65.06,-11.19%
17/12/2021,CDNS,177.32,21/01/2022,148.3,-16.37%
18/03/2022,BKR,35.29,15/04/2022,37.29,5.67%
18/03/2022,RGLD,137.16,15/04/2022,144.93,5.66%
18/03/2022,STLD,84.21,15/04/2022,88.32,4.88%
18/03/2022,ESLT,213.73,15/04/2022,221.74,3.75%
18/03/2022,APA,39.11,15/04/2022,43.68,11.68%
18/03/2022,TSEM,48.38,15/04/2022,48.13,-0.52%
18/03/2022,SSRM,21.70,15/04/2022,24.1,11.06%
18/03/2022,VNOM,29.56,15/04/2022,31.48,6.50%
18/03/2022,DLTR,157.17,15/04/2022,173.05,10.10%
18/03/2022,MDGL,98.71,15/04/2022,79.47,-19.49%
18/03/2022,EXEL,21.39,15/04/2022,23.09,7.95%
18/03/2022,NXST,188.86,15/04/2022,170.02,-9.98%
18/03/2022,AVAV,93.19,15/04/2022,109.18,17.16%
18/03/2022,PCVX,26.00,15/04/2022,24.53,-5.65%
18/03/2022,HSIC,87.26,15/04/2022,91.36,4.70%
18/03/2022,JAZZ,156.61,15/04/2022,167.25,6.79%
18/03/2022,VRTX,249.08,15/04/2022,287.97,15.61%
18/03/2022,JKHY,185.51,15/04/2022,200.49,8.08%
18/03/2022,SFM,31.93,15/04/2022,32.1,0.53%
18/03/2022,CME,249.60,15/04/2022,237.66,-4.78%
22/07/2022,OLLI,65.58,02/09/2022,54.95,-16.21%
22/07/2022,CELH,26.68,02/09/2022,32.12,20.39%
22/07/2022,HTHT,39.97,02/09/2022,35.32,-11.63%
22/07/2022,RYTM,13.16,02/09/2022,25.2,91.49%
22/07/2022,AXSM,40.31,02/09/2022,62.99,56.26%
22/07/2022,HALO,49.50,02/09/2022,38.92,-21.37%
22/07/2022,GLPI,50.80,02/09/2022,48.13,-5.26%
22/07/2022,KRYS,69.99,02/09/2022,70.72,1.04%
22/07/2022,SNEX,36.78,02/09/2022,39.68,7.88%
22/07/2022,ERIE,191.81,02/09/2022,215.59,12.40%
22/07/2022,TRI,112.53,02/09/2022,113.3,0.68%
22/07/2022,QQQ,301.99,02/09/2022,295.17,-2.26%
22/07/2022,QQQ,301.99,02/09/2022,295.17,-2.26%
22/07/2022,QQQ,301.99,02/09/2022,295.17,-2.26%
22/07/2022,QQQ,301.99,02/09/2022,295.17,-2.26%
22/07/2022,QQQ,301.99,02/09/2022,295.17,-2.26%
22/07/2022,QQQ,301.99,02/09/2022,295.17,-2.26%
22/07/2022,QQQ,301.99,02/09/2022,295.17,-2.26%
22/07/2022,QQQ,301.99,02/09/2022,295.17,-2.26%
22/07/2022,QQQ,301.99,02/09/2022,295.17,-2.26%
11/11/2022,PCVX,44.42,18/12/2022,45.8,3.11%
11/11/2022,AXON,182.94,18/12/2022,169.34,-7.43%
11/11/2022,RMBS,37.49,18/12/2022,37.15,-0.91%
11/11/2022,SANM,67.61,18/12/2022,59.18,-12.47%
11/11/2022,WFRD,42.17,18/12/2022,45.1,6.95%
11/11/2022,MEDP,221.11,18/12/2022,206,-6.83%
11/11/2022,SMCI,8.35,18/12/2022,8.07,-3.35%
11/11/2022,AAON,52.01,18/12/2022,50.89,-2.15%
11/11/2022,STRL,32.12,18/12/2022,31.01,-3.46%
11/11/2022,GILD,81.82,18/12/2022,86.76,6.04%
11/11/2022,ASND,131.97,18/12/2022,118.6,-10.13%
11/11/2022,BIIB,289.45,18/12/2022,284.98,-1.54%
11/11/2022,NTNX,28.43,18/12/2022,31.17,9.64%
11/11/2022,PFG,95.00,18/12/2022,84.92,-10.61%
11/11/2022,DXCM,115.96,18/12/2022,114.63,-1.15%
11/11/2022,WING,166.91,18/12/2022,154.28,-7.57%
11/11/2022,MTS,0.15,18/12/2022,0.14,-6.67%
11/11/2022,TRI,113.98,18/12/2022,117.89,3.43%
11/11/2022,QCOM,121.43,18/12/2022,114.53,-5.68%
11/11/2022,MRNA,171.20,18/12/2022,193.29,12.90%
27/01/2023,EXAS,67.48,17/03/2023,63.44,-5.99%
27/01/2023,IDCC,69.50,17/03/2023,72.59,4.45%
27/01/2023,MKTX,372.37,17/03/2023,389.77,4.67%
27/01/2023,FTAI,22.59,17/03/2023,24.2,7.13%
27/01/2023,MELI,"1,221.27",17/03/2023,1201.15,-1.65%
27/01/2023,WFRD,55.73,17/03/2023,51.83,-7.00%
27/01/2023,ONC,259.80,17/03/2023,223.32,-14.04%
27/01/2023,RYAAY,38.28,17/03/2023,35.1,-8.31%
27/01/2023,WYNN,102.99,17/03/2023,107.04,3.93%
27/01/2023,BKNG,"2,464.51",17/03/2023,2440.85,-0.96%
27/01/2023,HTHT,50.23,17/03/2023,47.44,-5.55%
27/01/2023,TW,75.98,17/03/2023,75.94,-0.05%
27/01/2023,MASI,171.39,17/03/2023,171.73,0.20%
27/01/2023,TCOM,39.41,17/03/2023,36.65,-7.00%
27/01/2023,PDD,104.68,17/03/2023,91.94,-12.17%
27/01/2023,AGNC,11.68,17/03/2023,9.74,-16.61%
27/01/2023,CRUS,89.70,17/03/2023,102.75,14.55%
27/01/2023,IDXX,487.00,17/03/2023,471.36,-3.21%
27/01/2023,QQQ,296.26,17/03/2023,305.36,3.07%
27/01/2023,QQQ,296.26,17/03/2023,305.36,3.07%
17/03/2023,NVDA,25.73,23/06/2023,42.69,65.92%
17/03/2023,META,195.61,23/06/2023,281,43.65%
17/03/2023,LSCC,89.46,23/06/2023,88.66,-0.89%
17/03/2023,NTRA,56.63,23/06/2023,50.25,-11.27%
17/03/2023,AMD,97.84,23/06/2023,120.08,22.73%
17/03/2023,IDCC,72.59,23/06/2023,91.62,26.22%
17/03/2023,BBIO,13.55,23/06/2023,15.01,10.77%
17/03/2023,TIGO,18.18,23/06/2023,16.85,-7.32%
17/03/2023,CRUS,102.75,23/06/2023,77.14,-24.92%
17/03/2023,ALGN,320.87,23/06/2023,330.29,2.94%
17/03/2023,CIFR,2.32,23/06/2023,3.05,31.47%
17/03/2023,MELI,"1,201.15",23/06/2023,1194.74,-0.53%
17/03/2023,CDNS,206.88,23/06/2023,235.84,14.00%
17/03/2023,MKTX,389.77,23/06/2023,277.15,-28.89%
17/03/2023,AXON,213.12,23/06/2023,202.36,-5.05%
17/03/2023,SMCI,9.55,23/06/2023,23.08,141.68%
17/03/2023,AAON,59.55,23/06/2023,63.87,7.25%
17/03/2023,FSLR,199.62,23/06/2023,188.99,-5.33%
17/03/2023,FTAI,24.20,23/06/2023,29.56,22.15%
17/03/2023,DKNG,17.87,23/06/2023,24.51,37.16%
23/06/2023,NVDA,42.21,22/09/2023,41.61,-1.42%
23/06/2023,MDB,389.99,22/09/2023,335.76,-13.91%
23/06/2023,CELH,50.03,22/09/2023,55.85,11.63%
23/06/2023,AAOI,4.34,22/09/2023,9.58,120.74%
23/06/2023,STRL,52.59,22/09/2023,71.66,36.26%
23/06/2023,XP,23.45,22/09/2023,23.38,-0.30%
23/06/2023,EXAS,92.62,22/09/2023,66.85,-27.82%
23/06/2023,META,288.73,22/09/2023,299.08,3.58%
23/06/2023,GGAL,16.78,22/09/2023,14.64,-12.75%
23/06/2023,KRYS,119.50,22/09/2023,115.14,-3.65%
23/06/2023,AVGO,82.22,22/09/2023,82.91,0.84%
23/06/2023,LI,33.22,22/09/2023,39.28,18.24%
23/06/2023,MRVL,57.82,22/09/2023,52.3,-9.55%
23/06/2023,PANW,121.97,22/09/2023,114.26,-6.32%
23/06/2023,IDCC,91.07,22/09/2023,81.01,-11.05%
23/06/2023,ENTG,103.54,22/09/2023,91.04,-12.07%
23/06/2023,TSLA,256.60,22/09/2023,244.88,-4.57%
23/06/2023,APPF,166.02,22/09/2023,178.84,7.72%
23/06/2023,TTD,76.24,22/09/2023,76.35,0.14%
23/06/2023,ADBE,484.72,22/09/2023,512.9,5.81%
22/09/2023,CAMT,57.05,22/12/2023,68.54,20.14%
22/09/2023,WFRD,90.62,22/12/2023,96.59,6.59%
22/09/2023,STRL,71.66,22/12/2023,85.9,19.87%
22/09/2023,INSM,26.17,22/12/2023,30.04,14.79%
22/09/2023,POWL,76.66,22/12/2023,88.53,15.48%
22/09/2023,ERIE,290.14,22/12/2023,332.8,14.70%
22/09/2023,NTNX,35.09,22/12/2023,47.24,34.63%
22/09/2023,IESC,66.61,22/12/2023,82.15,23.33%
22/09/2023,AFRM,20.18,22/12/2023,49.06,143.11%
22/09/2023,AKAM,107.55,22/12/2023,119.62,11.22%
22/09/2023,PDD,95.93,22/12/2023,144.48,50.61%
22/09/2023,FUTU,59.03,22/12/2023,51.5,-12.76%
22/09/2023,ROAD,35.57,22/12/2023,43.88,23.36%
22/09/2023,CHTR,445.21,22/12/2023,382.09,-14.18%
22/09/2023,MTSI,77.89,22/12/2023,94.36,21.15%
22/09/2023,MORN,243.60,22/12/2023,285.95,17.39%
22/09/2023,PAA,15.79,22/12/2023,15.09,-4.43%
22/09/2023,AAOI,9.58,22/12/2023,20.9,118.16%
22/09/2023,HQY,72.65,22/12/2023,65.81,-9.42%
22/09/2023,NBIX,113.74,22/12/2023,128.45,12.93%
22/12/2023,CYTK,44.60,22/03/2024,67.42,51.17%
22/12/2023,AFRM,49.06,22/03/2024,36.04,-26.54%
22/12/2023,COIN,175.48,22/03/2024,255.51,45.61%
22/12/2023,AAOI,20.90,22/03/2024,14.68,-29.76%
22/12/2023,MSTR,61.92,22/03/2024,152.3,145.96%
22/12/2023,FITB,34.47,22/03/2024,36.37,5.51%
22/12/2023,PDD,144.48,22/03/2024,122.99,-14.87%
22/12/2023,EXPE,155.31,22/03/2024,136.84,-11.89%
22/12/2023,COKE,91.01,22/03/2024,87.43,-3.93%
22/12/2023,CRWD,255.63,22/03/2024,327.58,28.15%
22/12/2023,GSAT,28.95,22/03/2024,20.85,-27.98%
22/12/2023,ASND,124.55,22/03/2024,145.02,16.44%
22/12/2023,BBIO,41.06,22/03/2024,29.58,-27.96%
22/12/2023,TPG,43.74,22/03/2024,45.33,3.64%
22/12/2023,NUVL,73.12,22/03/2024,77.64,6.18%
22/12/2023,EWBC,71.51,22/03/2024,75.9,6.14%
22/12/2023,KYMR,25.70,22/03/2024,40.72,58.44%
22/12/2023,CG,40.70,22/03/2024,46.42,14.05%
22/12/2023,HST,19.77,22/03/2024,20.85,5.46%
22/12/2023,RYAAY,53.93,22/03/2024,58.28,8.07%
22/03/2024,COIN,255.51,21/06/2024,225.86,-11.60%
22/03/2024,FTAI,65.36,21/06/2024,92.73,41.88%
22/03/2024,META,509.58,21/06/2024,494.78,-2.90%
22/03/2024,NTRA,92.32,21/06/2024,107.11,16.02%
22/03/2024,APP,71.23,21/06/2024,78.58,10.32%
22/03/2024,KYMR,40.72,21/06/2024,31.99,-21.44%
22/03/2024,NTNX,64.45,21/06/2024,53.4,-17.15%
22/03/2024,DASH,137.24,21/06/2024,113.88,-17.02%
22/03/2024,CEG,178.24,21/06/2024,218.13,22.38%
22/03/2024,HOOD,18.30,21/06/2024,22.29,21.80%
22/03/2024,IESC,113.83,21/06/2024,132.22,16.16%
22/03/2024,MEDP,408.79,21/06/2024,404.03,-1.16%
22/03/2024,SFM,63.59,21/06/2024,77.35,21.64%
22/03/2024,CRWD,327.58,21/06/2024,380.63,16.19%
22/03/2024,MU,110.21,21/06/2024,139.54,26.61%
22/03/2024,GGAL,26.08,21/06/2024,32.06,22.93%
22/03/2024,PCAR,123.75,21/06/2024,105.96,-14.38%
22/03/2024,STRL,112.03,21/06/2024,116.22,3.74%
22/03/2024,NVMI,183.14,21/06/2024,228.9,24.99%
22/03/2024,ASML,979.96,21/06/2024,1036.6,5.78%
21/06/2024,NVDA,126.57,20/09/2024,116,-8.35%
21/06/2024,CAMT,114.39,20/09/2024,100.97,-11.73%
21/06/2024,NVMI,228.90,20/09/2024,200.39,-12.46%
21/06/2024,CRUS,125.96,20/09/2024,123.11,-2.26%
21/06/2024,FSLR,258.87,20/09/2024,240.2,-7.21%
21/06/2024,MU,139.54,20/09/2024,109.41,-21.59%
21/06/2024,QCOM,212.53,20/09/2024,168.92,-20.52%
21/06/2024,CEG,218.13,20/09/2024,254.98,16.89%
21/06/2024,SFM,77.35,20/09/2024,105.7,36.65%
21/06/2024,NTAP,127.64,20/09/2024,122.22,-4.25%
21/06/2024,TER,148.45,20/09/2024,128.95,-13.14%
21/06/2024,GGAL,32.06,20/09/2024,46.63,45.45%
21/06/2024,AVAV,189.48,20/09/2024,182.76,-3.55%
21/06/2024,HOOD,22.29,20/09/2024,22.73,1.97%
21/06/2024,NTRA,107.11,20/09/2024,127.78,19.30%
21/06/2024,WWD,183.16,20/09/2024,168.04,-8.26%
21/06/2024,KLAC,816.55,20/09/2024,758.85,-7.07%
21/06/2024,WDC,57.27,20/09/2024,50.45,-11.91%
21/06/2024,CRDO,27.49,20/09/2024,29.18,6.15%
21/06/2024,HALO,51.55,20/09/2024,59.24,14.92%
20/09/2024,APP,126.09,20/12/2024,340.99,170.43%
20/09/2024,GGAL,46.63,20/12/2024,63.59,36.37%
20/09/2024,PCVX,115.18,20/12/2024,86.53,-24.87%
20/09/2024,PLTR,37.20,20/12/2024,80.55,116.53%
20/09/2024,SFM,105.70,20/12/2024,131.7,24.60%
20/09/2024,ERIE,521.01,20/12/2024,416.48,-20.06%
20/09/2024,ALNY,273.88,20/12/2024,245.44,-10.38%
20/09/2024,RKLB,7.47,20/12/2024,24.87,232.93%
20/09/2024,TPG,58.72,20/12/2024,64.82,10.39%
20/09/2024,ERIC,7.57,20/12/2024,8.06,6.47%
20/09/2024,TIGO,27.84,20/12/2024,24.45,-12.18%
20/09/2024,NTRA,127.78,20/12/2024,161.88,26.69%
20/09/2024,AXON,393.29,20/12/2024,631.69,60.62%
20/09/2024,COKE,126.43,20/12/2024,120.26,-4.88%
20/09/2024,UMBF,106.75,20/12/2024,114.61,7.36%
20/09/2024,BPYPM,17.90,20/12/2024,15.59,-12.91%
20/09/2024,ROAD,72.53,20/12/2024,92.77,27.91%
20/09/2024,MELI,"2,103.75",20/12/2024,1720.36,-18.22%
20/09/2024,ENSG,150.86,20/12/2024,134.59,-10.78%
20/09/2024,ARGX,533.00,20/12/2024,623.82,17.04%
20/12/2024,AXON,631.69,07/03/2025,526.4,-16.67%
20/12/2024,TSLA,421.06,07/03/2025,262.67,-37.62%
20/12/2024,GGAL,63.59,07/03/2025,57.63,-9.37%
20/12/2024,UAL,97.40,07/03/2025,82.88,-14.91%
20/12/2024,HOOD,38.33,07/03/2025,44.42,15.89%
20/12/2024,DOCU,94.41,07/03/2025,79.83,-15.44%
20/12/2024,LLYVA,67.85,07/03/2025,65.66,-3.23%
20/12/2024,AFRM,65.64,07/03/2025,51.97,-20.83%
20/12/2024,LLYVK,69.00,07/03/2025,66.91,-3.03%
20/12/2024,SHOP,108.95,07/03/2025,100.13,-8.10%
20/12/2024,MRVL,111.90,07/03/2025,70.84,-36.69%
20/12/2024,FRHC,127.17,07/03/2025,135.1,6.24%
20/12/2024,IDCC,189.43,07/03/2025,215.28,13.65%
20/12/2024,PEGA,47.62,07/03/2025,37.99,-20.22%
20/12/2024,GSAT,29.25,07/03/2025,23.09,-21.06%
20/12/2024,TEAM,257.26,07/03/2025,238.86,-7.15%
20/12/2024,FTNT,97.19,07/03/2025,101.28,4.21%
20/12/2024,NFLX,90.91,07/03/2025,89.11,-1.98%
20/12/2024,AUR,7.19,07/03/2025,7.1,-1.25%
20/12/2024,NTRA,161.88,07/03/2025,140.66,-13.11%
09/05/2025,MSFT,438.73,20/06/2025,477.4,8.81%
09/05/2025,MSTR,416.03,20/06/2025,369.7,-11.14%
09/05/2025,PLTR,117.30,20/06/2025,137.3,17.05%
09/05/2025,STRL,177.74,20/06/2025,217.97,22.63%
09/05/2025,ROAD,95.75,20/06/2025,102.34,6.88%
09/05/2025,DRS,41.77,20/06/2025,44,5.34%
09/05/2025,XP,17.87,20/06/2025,19.53,9.29%
09/05/2025,MELI,"2,450.00",20/06/2025,2403.81,-1.89%
09/05/2025,TIGO,34.85,20/06/2025,35.93,3.10%
09/05/2025,NFLX,114.02,20/06/2025,123.14,8.00%
09/05/2025,IESC,245.64,20/06/2025,273.13,11.19%
09/05/2025,IDXX,491.70,20/06/2025,523.92,6.55%
09/05/2025,BTSGU,80.18,20/06/2025,78.24,-2.42%
09/05/2025,AXON,684.59,20/06/2025,777.32,13.55%
09/05/2025,PEGA,46.54,20/06/2025,49.61,6.60%
09/05/2025,ZS,233.06,20/06/2025,302.94,29.98%
09/05/2025,OKTA,119.45,20/06/2025,99.42,-16.77%
09/05/2025,CDNS,305.78,20/06/2025,295.4,-3.39%
09/05/2025,AVAV,165.47,20/06/2025,189.65,14.61%
09/05/2025,HOOD,54.65,20/06/2025,78.5,43.64%
20/06/2025,HOOD,78.50,19/09/2025,124.78,58.96%
20/06/2025,TTMI,36.69,19/09/2025,52.12,42.06%
20/06/2025,ZS,302.94,19/09/2025,294.27,-2.86%
20/06/2025,KTOS,43.11,19/09/2025,80.77,87.36%
20/06/2025,STX,130.96,19/09/2025,221.23,68.93%
20/06/2025,INSM,102.68,19/09/2025,144.76,40.98%
20/06/2025,STRL,217.97,19/09/2025,360.25,65.28%
20/06/2025,WWD,237.89,19/09/2025,238.11,0.09%
20/06/2025,DRS,44.00,19/09/2025,41.44,-5.82%
20/06/2025,NTES,128.63,19/09/2025,152.05,18.21%
20/06/2025,TIGO,35.93,19/09/2025,49.68,38.27%
20/06/2025,NXT,57.62,19/09/2025,71.35,23.83%
20/06/2025,CRWD,476.30,19/09/2025,502.55,5.51%
20/06/2025,AVGO,249.99,19/09/2025,344.94,37.98%
20/06/2025,INTU,761.14,19/09/2025,687.92,-9.62%
20/06/2025,ENLT,21.01,19/09/2025,29.17,38.84%
20/06/2025,RYAAY,54.97,19/09/2025,55.79,1.49%
20/06/2025,BBIO,41.73,19/09/2025,52.37,25.50%
20/06/2025,ULTA,473.85,19/09/2025,521.47,10.05%
20/06/2025,EBAY,77.62,19/09/2025,91.11,17.38%
19/09/2025,LITE,168.73,19/12/2025,371.43,120.13%
19/09/2025,WDC,106.63,19/12/2025,181.08,69.82%
19/09/2025,SOFI,29.51,19/12/2025,27.24,-7.69%
19/09/2025,STX,221.23,19/12/2025,296.36,33.96%
19/09/2025,STRL,360.25,19/12/2025,308.58,-14.34%
19/09/2025,HOOD,124.78,19/12/2025,121.35,-2.75%
19/09/2025,RMBS,102.35,19/12/2025,96.4,-5.81%
19/09/2025,INSM,144.76,19/12/2025,174.84,20.78%
19/09/2025,IDCC,334.81,19/12/2025,334.4,-0.12%
19/09/2025,WBD,19.33,19/12/2025,27.77,43.66%
19/09/2025,TIGO,49.68,19/12/2025,53.73,8.15%
19/09/2025,ALNY,453.56,19/12/2025,400.23,-11.76%
19/09/2025,GOOGL,254.72,19/12/2025,307.16,20.59%
19/09/2025,AFRM,92.18,19/12/2025,76.22,-17.31%
19/09/2025,GOOG,255.24,19/12/2025,308.61,20.91%
19/09/2025,ENLT,29.17,19/12/2025,41.8,43.30%
19/09/2025,AVGO,344.94,19/12/2025,340.36,-1.33%
19/09/2025,AEIS,174.35,19/12/2025,216.09,23.94%
19/09/2025,CG,68.17,19/12/2025,59.54,-12.66%
19/09/2025,ROAD,133.67,19/12/2025,109.13,-18.36%
19/12/2025,SATS,103.91,20/03/2026,109.84,5.71%
19/12/2025,VICR,104.40,20/03/2026,164.54,57.61%
19/12/2025,RVMD,78.78,20/03/2026,95.78,21.58%
19/12/2025,EXAS,101.82,20/03/2026,104.91,3.03%
19/12/2025,MU,265.92,20/03/2026,422.9,59.03%
19/12/2025,WBD,27.77,20/03/2026,27.42,-1.26%
19/12/2025,ROIV,22.41,20/03/2026,27.7,23.61%
19/12/2025,ENLT,41.80,20/03/2026,71.47,70.98%
19/12/2025,BBIO,76.30,20/03/2026,68.54,-10.17%
19/12/2025,TER,195.18,20/03/2026,290.83,49.01%
19/12/2025,MDGL,591.02,20/03/2026,441.16,-25.36%
19/12/2025,MDB,430.64,20/03/2026,261.16,-39.36%
19/12/2025,IONS,79.57,20/03/2026,70.99,-10.78%
19/12/2025,VIAV,18.02,20/03/2026,31.44,74.47%
19/12/2025,LRCX,172.27,20/03/2026,228.36,32.56%
19/12/2025,BTSG,37.49,20/03/2026,41.21,9.92%
19/12/2025,BTSGU,127.29,20/03/2026,136.81,7.48%
19/12/2025,CHRW,166.46,20/03/2026,168.88,1.45%
19/12/2025,GOOG,308.61,20/03/2026,298.79,-3.18%
19/12/2025,UTHR,517.13,20/03/2026,524.28,1.38%
